{
    "lanes": [
        {
            "path_id": 1,
            "turn": 2,
            "direction": 3,
            "adas": {
                "tl": [
                    4,
                    5
                ]
            },
            "connected_to": [
                -1
            ],
            "from_link_id": [
                7
            ],
            "to_link_id": [
                8
            ],
            "start": [
                -79.7768443691478,
                36.0791221607474
            ],
            "end": [
                -79.7763334233982,
                36.0793616590904
            ],
            "left_boundary": {
                "type": "virtual",
                "boundary": [
                    [
                        0.0,
                        0.0
                    ],
                    [
                        0.0,
                        0.0
                    ],
                    [
                        0.0,
                        0.0
                    ]
                ]
            },
            "right_boundary": {
                "type": "virtual",
                "boundary": [
                    [
                        0.0,
                        0.0
                    ],
                    [
                        0.0,
                        0.0
                    ],
                    [
                        0.0,
                        0.0
                    ]
                ]
            },
            "center": [
                [
                    -79.7768443691478,
                    36.0791221607474
                ],
                [
                    -79.7766189581151,
                    36.0792233108566
                ],
                [
                    -79.7763334233982,
                    36.0793616590904
                ]
            ]
        },
        {
            "path_id": 2,
            "turn": 2,
            "direction": 3,
            "adas": {
                "tl": [
                    4,
                    5
                ]
            },
            "connected_to": [
                1
            ],
            "from_link_id": [
                7
            ],
            "to_link_id": [
                8
            ],
            "start": [
                -79.7763334233982,
                36.0793616590904
            ],
            "end": [
                -79.7761563234533,
                36.0795993577624
            ],
            "left_boundary": {
                "type": "virtual",
                "boundary": [
                    [
                        0,
                        0
                    ],
                    [
                        0,
                        0
                    ],
                    [
                        0,
                        0
                    ],
                    [
                        0,
                        0
                    ],
                    [
                        0,
                        0
                    ],
                    [
                        0,
                        0
                    ],
                    [
                        0,
                        0
                    ],
                    [
                        0,
                        0
                    ],
                    [
                        0,
                        0
                    ],
                    [
                        0,
                        0
                    ],
                    [
                        0,
                        0
                    ],
                    [
                        0,
                        0
                    ],
                    [
                        0,
                        0
                    ],
                    [
                        0,
                        0
                    ],
                    [
                        0,
                        0
                    ],
                    [
                        0,
                        0
                    ],
                    [
                        0,
                        0
                    ],
                    [
                        0,
                        0
                    ],
                    [
                        0,
                        0
                    ],
                    [
                        0,
                        0
                    ]
                ]
            },
            "right_boundary": {
                "type": "virtual",
                "boundary": [
                    [
                        0,
                        0
                    ],
                    [
                        0,
                        0
                    ],
                    [
                        0,
                        0
                    ],
                    [
                        0,
                        0
                    ],
                    [
                        0,
                        0
                    ],
                    [
                        0,
                        0
                    ],
                    [
                        0,
                        0
                    ],
                    [
                        0,
                        0
                    ],
                    [
                        0,
                        0
                    ],
                    [
                        0,
                        0
                    ],
                    [
                        0,
                        0
                    ],
                    [
                        0,
                        0
                    ],
                    [
                        0,
                        0
                    ],
                    [
                        0,
                        0
                    ],
                    [
                        0,
                        0
                    ],
                    [
                        0,
                        0
                    ],
                    [
                        0,
                        0
                    ],
                    [
                        0,
                        0
                    ],
                    [
                        0,
                        0
                    ],
                    [
                        0,
                        0
                    ]
                ]
            },